Jeep Aventador,lime,Electric
Cadillac A8,lime,Electric
Lamborghini Camry,white,Diesel
Mercedes Benz Alpine,orange,Electric
Jeep 1,cyan,Gasoline
Volkswagen Fiesta,plum,Electric
Aston Martin Camaro,gold,Diesel
Nissan Aventador,tan,Diesel
Tesla Colorado,fuchsia,Electric
Cadillac F-150,maroon,Diesel
Honda Grand Caravan,olive,Diesel
Porsche Focus,silver,Gasoline
Tesla Corvette,ivory,Electric
Rolls Royce Cruze,indigo,Hybrid
Rolls Royce Alpine,olive,Gasoline
Nissan 1,orange,Hybrid
Volvo Mercielago,violet,Hybrid
Chevrolet Corvette,sky blue,Gasoline
Mercedes Benz LeBaron,grey,Electric
Ferrari Colorado,orchid,Gasoline
Bugatti A8,yellow,Gasoline
Maserati Roadster,azure,Diesel
Toyota Fiesta,lime,Electric
Tesla Charger,sky blue,Hybrid
Kia Golf,turquoise,Electric
Lamborghini Ranchero,red,Gasoline
Chrysler Model T,tan,Electric
Audi Escalade,sky blue,Gasoline
Bentley Volt,orchid,Electric
Jeep CX-9,indigo,Hybrid
Volvo CTS,cyan,Hybrid
Tesla A4,lime,Gasoline
Hyundai Land Cruiser,mint green,Gasoline
Ferrari Charger,tan,Diesel
Dodge Challenger,azure,Diesel
BMW Alpine,orchid,Gasoline
Volvo Cruze,salmon,Electric
Jeep Sentra,grey,Electric
Polestar Mustang,tan,Gasoline
Volvo Focus,purple,Gasoline
Mini Explorer,plum,Diesel
Polestar Mustang,green,Gasoline
Hyundai Civic,azure,Electric
Smart Cruze,white,Gasoline
Honda Focus,silver,Hybrid
Hyundai Fiesta,tan,Hybrid
Tesla Malibu,silver,Hybrid
Aston Martin PT Cruiser,indigo,Electric
Polestar Civic,fuchsia,Electric
Land Rover Fiesta,cyan,Hybrid
Chrysler Jetta,fuchsia,Diesel
Fiat Ranchero,turquoise,Electric
Chevrolet CTS,plum,Hybrid
Dodge ATS,silver,Diesel
Kia A4,white,Diesel
Jaguar Challenger,maroon,Electric
Chrysler Corvette,purple,Electric
Polestar Camry,red,Diesel
Smart Civic,teal,Diesel
Jeep 1,red,Hybrid
BMW Model S,green,Electric
Volvo Challenger,olive,Gasoline
Volkswagen Spyder,black,Hybrid
Volvo Prius,olive,Diesel
Aston Martin Durango,salmon,Diesel
Ford Taurus,violet,Electric
Toyota 1,azure,Electric
Mini V90,turquoise,Hybrid
Toyota Volt,mint green,Diesel
Ford Countach,purple,Diesel
Ford Mercielago,gold,Gasoline
Toyota A4,lavender,Diesel
Dodge ATS,white,Hybrid
Fiat Land Cruiser,silver,Electric
Mazda Explorer,lavender,Electric
Toyota Beetle,olive,Hybrid
Bugatti Camaro,gold,Hybrid
Smart Camry,yellow,Electric
Bentley Element,mint green,Electric
Mazda Model 3,maroon,Electric
Lamborghini Model T,turquoise,Electric
Chevrolet Aventador,lavender,Hybrid
Toyota A8,fuchsia,Diesel
Smart Impala,olive,Electric
Mercedes Benz F-150,purple,Diesel
Bentley XC90,lavender,Hybrid
Maserati Colorado,green,Electric
Hyundai Golf,salmon,Gasoline
Mazda XTS,ivory,Gasoline
Toyota A4,gold,Hybrid
Chrysler Countach,ivory,Diesel
Nissan Accord,silver,Hybrid
Kia Malibu,mint green,Diesel
Bugatti Escalade,ivory,Diesel
Toyota Model 3,olive,Gasoline
Aston Martin Volt,salmon,Electric
Volkswagen Explorer,magenta,Hybrid
Ford Roadster,orange,Hybrid
Nissan Accord,indigo,Gasoline
Volkswagen Model S,purple,Hybrid
Chevrolet Model S,salmon,Electric
Land Rover Taurus,maroon,Diesel
Ferrari Fiesta,orange,Hybrid
Bentley Grand Cherokee,teal,Diesel
Fiat Golf,gold,Hybrid
Bentley 1,ivory,Gasoline
Fiat XC90,orange,Hybrid
Ford Countach,azure,Diesel
Chrysler F-150,cyan,Electric
Maserati Spyder,plum,Hybrid
Mercedes Benz Malibu,purple,Electric
Jaguar El Camino,white,Gasoline
Dodge 2,salmon,Diesel
Mini Element,olive,Hybrid
Kia Grand Cherokee,turquoise,Hybrid
Porsche 911,red,Electric
Ford CTS,sky blue,Electric
Audi Model 3,tan,Electric
Nissan Sentra,indigo,Diesel
Mercedes Benz Cruze,orchid,Electric
Mercedes Benz Countach,white,Gasoline
Mazda 911,magenta,Gasoline
Fiat XC90,azure,Hybrid
Honda Jetta,blue,Hybrid
Volvo Fiesta,ivory,Electric
Ferrari LeBaron,teal,Hybrid
Hyundai CX-9,olive,Gasoline
Cadillac Camaro,silver,Hybrid
Maserati Colorado,cyan,Hybrid
Porsche Aventador,blue,Hybrid
Porsche Taurus,violet,Electric
Tesla El Camino,tan,Gasoline
Cadillac Model T,maroon,Diesel
Mercedes Benz Roadster,plum,Hybrid
Polestar Jetta,lime,Electric
BMW Spyder,green,Gasoline
Honda Malibu,yellow,Hybrid
Chrysler Grand Cherokee,azure,Gasoline
Mazda F-150,grey,Hybrid
Rolls Royce Impala,white,Electric
Mini Model 3,lime,Gasoline
Dodge 911,silver,Gasoline
Ferrari PT Cruiser,blue,Diesel
Mazda Explorer,black,Diesel
Chevrolet Escalade,mint green,Diesel
Fiat Prius,green,Hybrid
Tesla V90,yellow,Gasoline
Mazda Impala,teal,Electric
Lamborghini LeBaron,turquoise,Gasoline
Land Rover A4,fuchsia,Electric
Lamborghini Camaro,purple,Gasoline
Porsche CTS,lime,Electric
Chevrolet Challenger,lavender,Electric
Ford Spyder,yellow,Electric
Chrysler Beetle,pink,Diesel
Kia F-150,red,Diesel
Mazda Colorado,gold,Electric
Volkswagen Cruze,black,Electric
Land Rover A4,teal,Gasoline
Lamborghini Mustang,grey,Electric
Jeep Mustang,indigo,Diesel
BMW Durango,ivory,Electric
Hyundai Roadster,magenta,Hybrid
Jeep Alpine,orange,Diesel
Fiat Fortwo,fuchsia,Hybrid
Jaguar 911,mint green,Diesel
Bentley Durango,tan,Diesel
Mini Escalade,lavender,Diesel
Dodge Malibu,tan,Gasoline
Toyota CTS,pink,Diesel
Honda 2,lavender,Diesel
Hyundai Countach,teal,Hybrid
Maserati V90,orange,Gasoline
Land Rover Wrangler,lime,Electric
Mercedes Benz Aventador,blue,Electric
Audi Ranchero,orchid,Hybrid
Chrysler CX-9,salmon,Gasoline
Ferrari A4,white,Diesel
Chevrolet Sentra,blue,Electric
Volkswagen F-150,cyan,Diesel
Honda Mustang,silver,Hybrid
Chevrolet Roadster,indigo,Electric
Maserati Silverado,lavender,Hybrid
Jeep V90,purple,Gasoline
Bugatti Land Cruiser,black,Electric
Porsche CX-9,black,Gasoline
Chevrolet 1,white,Gasoline
Ferrari 1,lime,Hybrid
Aston Martin Silverado,mint green,Hybrid
Bugatti Spyder,green,Diesel
Land Rover LeBaron,teal,Electric
Audi Explorer,salmon,Gasoline
Polestar Countach,olive,Electric
Bugatti Charger,mint green,Hybrid
BMW Colorado,purple,Gasoline
Polestar A4,pink,Electric
Chevrolet Aventador,lavender,Electric
Mini Challenger,magenta,Hybrid
Mini Corvette,mint green,Gasoline
Ford 2,gold,Diesel
Tesla Impala,turquoise,Electric
Honda Beetle,green,Gasoline
Dodge Silverado,turquoise,Electric
Toyota Impala,turquoise,Hybrid
Maserati Fortwo,indigo,Gasoline
Audi Challenger,teal,Gasoline
Toyota Sentra,plum,Diesel
Audi Explorer,olive,Gasoline
Chrysler XC90,teal,Gasoline
Volkswagen Model 3,olive,Electric
Kia LeBaron,teal,Diesel
Aston Martin Model 3,purple,Diesel
Bentley Model S,blue,Diesel
Tesla Countach,cyan,Hybrid
Honda Volt,purple,Diesel
Lamborghini Cruze,white,Electric
Fiat Countach,turquoise,Electric
Tesla Volt,maroon,Electric
Mercedes Benz CX-9,yellow,Hybrid
Bugatti Challenger,gold,Electric
Polestar Model 3,yellow,Diesel
Tesla Cruze,mint green,Electric
Dodge Spyder,silver,Diesel
Aston Martin Aventador,violet,Gasoline
Land Rover Charger,black,Hybrid
Fiat Escalade,black,Electric
Volvo Model 3,turquoise,Diesel
Ferrari Malibu,teal,Hybrid
Dodge Sentra,cyan,Gasoline
Hyundai Accord,green,Hybrid
Hyundai V90,magenta,Hybrid
Honda Countach,blue,Hybrid
Cadillac Explorer,salmon,Hybrid
Jeep Spyder,cyan,Electric
Smart Sentra,black,Electric
Jaguar Grand Cherokee,orchid,Electric
Aston Martin Corvette,purple,Diesel
Lamborghini XC90,red,Diesel
Jaguar Ranchero,pink,Diesel
Jeep El Camino,lime,Gasoline
Smart 1,tan,Hybrid
Polestar Challenger,plum,Gasoline
Honda Colorado,salmon,Gasoline
Mercedes Benz ATS,salmon,Electric
Maserati Durango,white,Diesel
Dodge Model T,pink,Diesel
Rolls Royce Focus,olive,Electric
Ford Explorer,salmon,Hybrid
Nissan Countach,orchid,Electric
Ford CX-9,green,Electric
Nissan Roadster,orange,Electric
Ford Taurus,green,Gasoline
Ferrari Altima,maroon,Diesel
Bentley El Camino,sky blue,Diesel
Jeep 2,ivory,Electric
Chevrolet Malibu,green,Electric
Bugatti Land Cruiser,azure,Diesel
Jeep Beetle,silver,Electric
Chevrolet A8,teal,Gasoline
Bentley Model 3,gold,Diesel
Mercedes Benz Countach,fuchsia,Hybrid
Dodge Mustang,maroon,Hybrid
Aston Martin Volt,mint green,Diesel
Dodge Countach,grey,Gasoline
Chrysler Colorado,salmon,Gasoline
Chevrolet Charger,sky blue,Hybrid
Rolls Royce 2,black,Hybrid
Kia A8,red,Gasoline
Lamborghini Wrangler,indigo,Diesel
Volvo Camry,tan,Hybrid
Jeep Civic,plum,Gasoline
Kia Cruze,gold,Hybrid
Ford Challenger,ivory,Hybrid
Mercedes Benz Roadster,indigo,Gasoline
Polestar Sentra,azure,Electric
Volvo Spyder,black,Gasoline
Rolls Royce F-150,fuchsia,Diesel
Jeep Alpine,purple,Hybrid
Volvo Jetta,azure,Diesel
Land Rover Focus,gold,Diesel
Aston Martin Fortwo,tan,Hybrid
Fiat Silverado,indigo,Hybrid
Polestar Camaro,indigo,Hybrid
Audi Escalade,black,Diesel
Mini Model 3,indigo,Diesel
Lamborghini Challenger,olive,Gasoline
Lamborghini F-150,indigo,Electric
Aston Martin F-150,sky blue,Electric
Lamborghini Mustang,olive,Diesel
Lamborghini Mustang,plum,Gasoline
Ferrari ATS,salmon,Diesel
Chrysler 911,green,Electric
Ferrari Explorer,salmon,Hybrid
Land Rover Model T,green,Hybrid
Chevrolet Challenger,indigo,Diesel
Hyundai Corvette,maroon,Gasoline
Ferrari 2,yellow,Hybrid
Polestar 2,sky blue,Gasoline
Tesla V90,lime,Gasoline
Hyundai Model T,blue,Gasoline
Mazda 1,orchid,Electric
Fiat Accord,silver,Diesel
Jaguar CTS,white,Hybrid
Mercedes Benz Volt,mint green,Diesel
Lamborghini A4,orchid,Electric
Chevrolet Explorer,purple,Diesel
Chevrolet Countach,red,Gasoline
Ford Accord,fuchsia,Diesel
BMW Civic,magenta,Hybrid
Maserati Alpine,violet,Diesel
Audi Explorer,grey,Electric
Chrysler Volt,plum,Hybrid
Smart Countach,azure,Gasoline
BMW Focus,salmon,Electric
Nissan Model 3,orchid,Diesel
Maserati ATS,yellow,Hybrid
Chrysler LeBaron,salmon,Hybrid
Maserati Impala,yellow,Hybrid
Chevrolet LeBaron,red,Hybrid
Bentley 1,purple,Electric
Mercedes Benz Malibu,mint green,Diesel
Honda Mercielago,purple,Diesel
Mini Alpine,lavender,Electric
Fiat El Camino,sky blue,Hybrid
Smart PT Cruiser,lime,Electric
Mazda Escalade,tan,Gasoline
Cadillac 1,black,Electric
Bentley Element,pink,Diesel
Nissan Spyder,turquoise,Gasoline
Bentley Roadster,purple,Hybrid
Bentley CTS,lime,Hybrid
Chrysler Focus,teal,Gasoline
Volkswagen XTS,violet,Hybrid
Jaguar Fortwo,violet,Electric
Hyundai LeBaron,orchid,Electric
Chrysler Countach,teal,Diesel
Honda Prius,silver,Electric
Ferrari XTS,green,Gasoline
Honda Cruze,purple,Gasoline
Jeep Charger,olive,Hybrid
Kia CX-9,tan,Electric
Volvo XC90,olive,Gasoline
Bentley XTS,green,Electric
Polestar ATS,yellow,Gasoline
Porsche Jetta,azure,Diesel
Bugatti Fiesta,magenta,Gasoline
Jeep ATS,plum,Diesel
Ford 911,olive,Diesel
Nissan Charger,silver,Electric
Dodge CX-9,yellow,Diesel
Chevrolet Durango,gold,Electric
Polestar Beetle,indigo,Gasoline
Honda ATS,orange,Electric
Mazda Challenger,magenta,Diesel
Jeep Durango,ivory,Hybrid
Audi V90,orange,Hybrid
Ford Model T,purple,Hybrid
Aston Martin PT Cruiser,orchid,Electric
Ferrari Beetle,gold,Gasoline
Jaguar F-150,azure,Electric
Mercedes Benz Mustang,mint green,Electric
Fiat Explorer,sky blue,Electric
Honda Expedition,green,Diesel
Jeep PT Cruiser,teal,Diesel
Porsche Sentra,azure,Diesel
Jeep Aventador,black,Hybrid
Jeep CTS,maroon,Diesel
Toyota Grand Cherokee,olive,Hybrid
Audi Corvette,maroon,Hybrid
Audi Accord,silver,Electric
Mini Impala,maroon,Diesel
Maserati F-150,red,Diesel
Dodge Jetta,violet,Gasoline
Nissan Grand Cherokee,tan,Diesel
Lamborghini CTS,sky blue,Electric
Kia LeBaron,sky blue,Diesel
Jaguar Civic,mint green,Hybrid
Smart Charger,pink,Diesel
Rolls Royce Roadster,cyan,Gasoline
Lamborghini Malibu,lavender,Hybrid
Land Rover Escalade,turquoise,Electric
Mini Jetta,orange,Hybrid
Rolls Royce Corvette,green,Diesel
Mercedes Benz Cruze,lavender,Electric
Honda Fortwo,indigo,Electric
BMW 2,yellow,Gasoline
Bentley 2,salmon,Diesel
Porsche Volt,salmon,Diesel
Bentley Golf,olive,Gasoline
Aston Martin Civic,lavender,Gasoline
Jeep Land Cruiser,azure,Electric
Ferrari Model S,magenta,Diesel
Lamborghini Corvette,orchid,Electric
Dodge Focus,ivory,Gasoline
Chevrolet Impala,teal,Gasoline
Volvo Colorado,white,Electric
Volkswagen Aventador,tan,Diesel
Toyota Model S,turquoise,Diesel
Ford Focus,azure,Diesel
Rolls Royce Camry,orchid,Electric
Jaguar Model S,ivory,Diesel
Aston Martin Model 3,indigo,Hybrid
Honda Land Cruiser,yellow,Diesel
Hyundai Grand Cherokee,cyan,Gasoline
Ford Countach,violet,Gasoline
Jeep LeBaron,turquoise,Hybrid
Polestar Golf,plum,Electric
Hyundai F-150,violet,Gasoline
Polestar Malibu,mint green,Electric
Audi 911,red,Diesel
Fiat Camry,cyan,Diesel
Jaguar A4,lime,Hybrid
Maserati Colorado,magenta,Gasoline
Cadillac A4,white,Gasoline
Volvo Alpine,indigo,Diesel
Mazda A8,cyan,Diesel
Maserati XC90,orange,Gasoline
Lamborghini Taurus,lime,Gasoline
Smart Grand Caravan,white,Hybrid
Dodge Golf,olive,Diesel
Tesla XTS,maroon,Electric
Bugatti XTS,magenta,Gasoline
Cadillac Fortwo,grey,Hybrid
Audi A8,lime,Diesel
Jeep Model S,maroon,Gasoline
Mercedes Benz Spyder,purple,Electric
Ferrari Model 3,red,Hybrid
Rolls Royce Mercielago,red,Hybrid
Jeep Cruze,salmon,Hybrid
Hyundai El Camino,purple,Diesel
Mazda LeBaron,black,Hybrid
Chrysler El Camino,lime,Gasoline
Mini Countach,salmon,Electric
Ferrari Silverado,white,Electric
Maserati Prius,tan,Hybrid
Chevrolet Durango,orchid,Hybrid
Volkswagen Impala,yellow,Diesel
Jaguar Silverado,olive,Diesel
Polestar Beetle,plum,Electric
Bentley El Camino,teal,Diesel
Nissan Challenger,violet,Hybrid
Cadillac Altima,white,Gasoline
Jaguar Durango,lavender,Diesel
Aston Martin Element,indigo,Hybrid
Fiat Alpine,orange,Electric
Aston Martin Grand Cherokee,blue,Electric
Maserati CTS,mint green,Electric
Fiat Golf,sky blue,Diesel
Mercedes Benz Durango,white,Diesel
Mini A4,pink,Electric
Kia Corvette,plum,Gasoline
Mini F-150,white,Diesel
Lamborghini Grand Caravan,ivory,Electric
Honda Focus,lime,Hybrid
Ford Beetle,olive,Electric
Bugatti Aventador,teal,Electric
Volvo 1,olive,Electric
Mercedes Benz Escalade,olive,Diesel
Mercedes Benz Camaro,lavender,Diesel
Porsche Model S,indigo,Gasoline
Kia Cruze,fuchsia,Electric
Bentley Fortwo,turquoise,Diesel
Land Rover Focus,turquoise,Gasoline
Smart Golf,turquoise,Diesel
Tesla Colorado,purple,Electric
Jeep Fortwo,violet,Gasoline
Mazda Grand Cherokee,purple,Hybrid
Chevrolet Golf,grey,Electric
Chevrolet F-150,plum,Gasoline
Jeep CX-9,maroon,Diesel
Toyota CTS,tan,Gasoline
Tesla Camaro,pink,Electric
Bentley Ranchero,green,Gasoline
Nissan Ranchero,salmon,Hybrid
Volvo LeBaron,green,Gasoline
Volkswagen A4,violet,Gasoline
Chevrolet Malibu,plum,Hybrid
Audi Grand Caravan,orchid,Hybrid
Dodge 911,salmon,Gasoline
Dodge Roadster,lime,Gasoline
Maserati Prius,mint green,Electric
Jaguar Prius,indigo,Electric
Porsche Jetta,green,Hybrid
Nissan Spyder,silver,Electric
Bentley Colorado,teal,Gasoline
Toyota ATS,maroon,Gasoline
Jeep 2,magenta,Diesel
Audi XC90,cyan,Diesel
Hyundai Camry,salmon,Diesel
Bentley V90,grey,Electric
Chrysler Colorado,gold,Diesel
Chrysler Grand Cherokee,indigo,Hybrid
Honda A8,plum,Diesel
Smart Fortwo,black,Gasoline
Jaguar Accord,azure,Electric
Chrysler Silverado,azure,Gasoline
Mini Camaro,fuchsia,Diesel
Audi V90,purple,Hybrid
BMW Model T,violet,Gasoline
Bugatti 911,olive,Diesel
Honda ATS,violet,Diesel
Porsche Challenger,azure,Hybrid
Maserati Explorer,gold,Gasoline
Land Rover Escalade,teal,Electric
Bugatti Model S,violet,Hybrid
BMW XC90,lime,Diesel
Chevrolet Altima,salmon,Gasoline
Jeep 911,cyan,Electric
Mini F-150,orchid,Hybrid
Maserati Charger,orchid,Gasoline
Land Rover Ranchero,tan,Diesel
Nissan Model T,purple,Diesel
Dodge Challenger,tan,Hybrid
Tesla CTS,fuchsia,Hybrid
Jaguar Silverado,orchid,Electric
Ferrari CX-9,tan,Hybrid
Jaguar LeBaron,yellow,Electric
Kia 2,grey,Gasoline
Rolls Royce El Camino,tan,Electric
BMW Explorer,olive,Diesel
Hyundai ATS,olive,Electric
Nissan Escalade,azure,Diesel
Land Rover Camry,violet,Hybrid
Bentley Countach,grey,Diesel
Mazda Beetle,mint green,Diesel
Land Rover 911,purple,Electric
Cadillac Impala,lime,Diesel
Kia Volt,cyan,Electric
Chrysler F-150,magenta,Hybrid
Chrysler Volt,orchid,Hybrid
Mercedes Benz Model T,black,Hybrid
Hyundai CX-9,green,Hybrid
Cadillac Spyder,yellow,Gasoline
Audi Grand Cherokee,silver,Hybrid
Cadillac Roadster,lavender,Diesel
Lamborghini Fiesta,black,Hybrid
Smart Expedition,pink,Electric
Lamborghini Model 3,salmon,Diesel
Mazda Aventador,purple,Electric
Honda Civic,green,Gasoline
Land Rover Explorer,silver,Electric
Kia Charger,orange,Gasoline
Ford Expedition,teal,Electric
Porsche Model 3,turquoise,Diesel
Jeep Beetle,indigo,Electric
Rolls Royce Sentra,turquoise,Electric
Nissan Model S,plum,Gasoline
Smart Model S,orchid,Hybrid
Toyota Camaro,salmon,Gasoline
Mazda 1,purple,Electric
Volkswagen Countach,grey,Gasoline
Smart A4,fuchsia,Gasoline
Hyundai Spyder,yellow,Hybrid
Mercedes Benz Malibu,black,Hybrid
Aston Martin Fiesta,lavender,Hybrid
Hyundai Taurus,blue,Hybrid
Bentley Accord,grey,Electric
Ford V90,white,Gasoline
Porsche Corvette,white,Hybrid
Polestar Mustang,olive,Hybrid
Audi F-150,pink,Hybrid
Jeep Alpine,silver,Gasoline
Jeep F-150,magenta,Hybrid
Ferrari Explorer,maroon,Hybrid
Fiat Grand Cherokee,tan,Hybrid
Cadillac Jetta,white,Hybrid
Bugatti Accord,ivory,Gasoline
Smart 1,silver,Diesel
Polestar Spyder,grey,Electric
Cadillac Volt,blue,Hybrid
Mini Corvette,purple,Gasoline
Volkswagen Mercielago,white,Electric
Mini A8,sky blue,Gasoline
Mazda LeBaron,silver,Gasoline
Nissan 911,fuchsia,Gasoline
Porsche Fortwo,lime,Diesel
Volkswagen XC90,blue,Gasoline
Kia El Camino,violet,Diesel
Cadillac 2,green,Gasoline
Tesla Model 3,grey,Electric
Bentley Focus,teal,Gasoline
Lamborghini Impala,plum,Gasoline
Cadillac Escalade,orange,Electric
BMW PT Cruiser,lime,Gasoline
Hyundai LeBaron,turquoise,Electric
Smart Altima,purple,Electric
Jaguar F-150,olive,Hybrid
Mercedes Benz Durango,orange,Electric
Aston Martin Expedition,maroon,Diesel
Jaguar Altima,indigo,Gasoline
Land Rover Durango,lime,Electric
Chrysler CX-9,green,Diesel
Smart Fiesta,orange,Hybrid
Bugatti Countach,sky blue,Diesel
Nissan Silverado,tan,Gasoline
Audi Model S,yellow,Diesel
Rolls Royce Countach,lime,Gasoline
Chevrolet Focus,plum,Gasoline
Jeep Model T,sky blue,Hybrid
Bentley Grand Caravan,olive,Electric
Maserati Grand Cherokee,orchid,Gasoline
Kia Colorado,black,Electric
Ferrari Grand Cherokee,yellow,Diesel
Porsche Prius,silver,Gasoline
Audi Grand Caravan,indigo,Electric
Polestar Impala,magenta,Electric
Mazda Volt,tan,Hybrid
Land Rover F-150,silver,Gasoline
Porsche ATS,orange,Diesel
Cadillac F-150,olive,Electric
Hyundai Camaro,mint green,Gasoline
Lamborghini 911,azure,Electric
BMW Grand Caravan,turquoise,Hybrid
Mercedes Benz Mustang,fuchsia,Gasoline
Mercedes Benz Roadster,lavender,Electric
Audi Durango,olive,Gasoline
Mazda Volt,blue,Hybrid
Volvo Expedition,mint green,Hybrid
Maserati XC90,lime,Diesel
Ferrari 911,teal,Hybrid
BMW 911,teal,Gasoline
Polestar A8,orange,Gasoline
Mini F-150,grey,Electric
Nissan Aventador,white,Electric
BMW Corvette,fuchsia,Hybrid
Tesla Golf,grey,Electric
Volvo Aventador,indigo,Diesel
Land Rover Spyder,teal,Electric
Bugatti Wrangler,red,Gasoline
Mercedes Benz Grand Caravan,yellow,Electric
Chevrolet Silverado,purple,Electric
Audi Element,salmon,Hybrid
Jaguar Escalade,teal,Hybrid
Maserati Civic,black,Gasoline
Toyota Escalade,gold,Gasoline
Volkswagen El Camino,red,Diesel
Polestar Expedition,lime,Diesel
Porsche Wrangler,sky blue,Diesel
Mercedes Benz Golf,teal,Gasoline
Ferrari Aventador,cyan,Gasoline
Mazda 1,lavender,Hybrid
Bentley F-150,olive,Diesel
Tesla Camry,blue,Diesel
Jaguar El Camino,yellow,Gasoline
Ferrari Ranchero,fuchsia,Diesel
Dodge Corvette,white,Gasoline
Mini Challenger,grey,Hybrid
Fiat Taurus,pink,Diesel
Chrysler Countach,violet,Diesel
Lamborghini CTS,plum,Diesel
Tesla Countach,lavender,Gasoline
Volkswagen Camaro,salmon,Diesel
Volvo Impala,orange,Hybrid
Tesla Malibu,indigo,Gasoline
Ford Volt,mint green,Gasoline
Ford Explorer,teal,Hybrid
Ford Silverado,plum,Diesel
Ford Expedition,yellow,Diesel
Polestar Focus,teal,Diesel
Land Rover Sentra,azure,Electric
Land Rover Accord,plum,Hybrid
Smart Explorer,white,Hybrid
Bugatti Model S,red,Hybrid
Ford ATS,orchid,Electric
Chrysler Escalade,tan,Electric
Rolls Royce Charger,olive,Diesel
Land Rover Spyder,lavender,Electric
Ferrari A8,green,Gasoline
Toyota XC90,indigo,Hybrid
Bugatti Element,green,Electric
Jaguar Explorer,gold,Electric
Nissan Charger,magenta,Diesel
Chevrolet 1,mint green,Hybrid
Cadillac ATS,tan,Gasoline
Jeep PT Cruiser,orange,Gasoline
Maserati 1,salmon,Electric
Volvo CX-9,gold,Gasoline
Jaguar Volt,ivory,Hybrid
Audi F-150,violet,Electric
Chrysler Malibu,orchid,Hybrid
Toyota Civic,turquoise,Hybrid
Aston Martin A4,ivory,Gasoline
Land Rover Model T,cyan,Electric
Kia Focus,pink,Gasoline
Fiat Taurus,fuchsia,Hybrid
Volvo 911,azure,Electric
Porsche Volt,olive,Hybrid
Chrysler Focus,orchid,Gasoline
Porsche Charger,purple,Electric
Volvo Model 3,indigo,Hybrid
BMW Challenger,red,Hybrid
Hyundai Challenger,orchid,Diesel
Jeep Camaro,maroon,Electric
Aston Martin Roadster,salmon,Gasoline
Cadillac Charger,plum,Diesel
Mercedes Benz V90,maroon,Gasoline
Aston Martin Cruze,salmon,Electric
Kia Element,lavender,Electric
Mazda Ranchero,sky blue,Gasoline
Honda Wrangler,cyan,Diesel
Mazda Corvette,gold,Diesel
Bugatti Silverado,blue,Electric
Mazda Colorado,maroon,Electric
Nissan Corvette,indigo,Gasoline
Fiat 2,salmon,Hybrid
Aston Martin Camry,azure,Diesel
Lamborghini F-150,tan,Diesel
Polestar Impala,yellow,Electric
Aston Martin Malibu,red,Gasoline
Cadillac Corvette,violet,Gasoline
Jeep Golf,silver,Diesel
Jeep Model S,pink,Electric
Polestar Expedition,orchid,Hybrid
Honda CTS,white,Gasoline
Aston Martin XTS,grey,Electric
Chrysler Sentra,white,Electric
Tesla LeBaron,azure,Hybrid
Kia Civic,salmon,Electric
Volvo A4,olive,Diesel
Rolls Royce Charger,indigo,Electric
Polestar Land Cruiser,azure,Electric
Toyota Grand Caravan,mint green,Diesel
Chevrolet CX-9,pink,Hybrid
Chevrolet Jetta,lavender,Hybrid
Audi Fortwo,white,Hybrid
Hyundai Golf,lavender,Gasoline
Tesla A4,yellow,Diesel
Jaguar Volt,purple,Hybrid
Aston Martin Grand Caravan,plum,Diesel
Volkswagen Escalade,indigo,Diesel
Rolls Royce Malibu,pink,Electric
Cadillac 2,salmon,Gasoline
Bugatti Wrangler,turquoise,Hybrid
BMW A8,orange,Diesel
Bugatti Taurus,tan,Gasoline
Jaguar Grand Cherokee,tan,Hybrid
Polestar Impala,violet,Diesel
Jeep Camaro,fuchsia,Diesel
Aston Martin Expedition,plum,Diesel
Cadillac CTS,salmon,Gasoline
Ford Alpine,black,Gasoline
Toyota Silverado,olive,Electric
Smart Sentra,violet,Hybrid
Mazda Charger,indigo,Electric
Cadillac Malibu,teal,Electric
Mercedes Benz Prius,grey,Hybrid
Smart Volt,grey,Diesel
Bentley Beetle,salmon,Gasoline
Volkswagen Countach,white,Hybrid
Volvo Explorer,orchid,Hybrid
Audi Impala,violet,Electric
BMW Prius,mint green,Diesel
Mercedes Benz Accord,gold,Electric
Tesla 2,teal,Diesel
Ford 1,lavender,Electric
Maserati Countach,pink,Electric
Mercedes Benz Prius,red,Diesel
Honda Fiesta,azure,Hybrid
Maserati Charger,white,Diesel
Cadillac Camry,sky blue,Diesel
Mazda Countach,maroon,Hybrid
Chevrolet LeBaron,black,Gasoline
Toyota Land Cruiser,white,Electric
Maserati Golf,violet,Hybrid
Mazda Explorer,white,Electric
Polestar Malibu,blue,Diesel
Tesla Model 3,mint green,Hybrid
Cadillac XC90,turquoise,Diesel
Jeep Silverado,indigo,Gasoline
Jeep Countach,salmon,Electric
Tesla Aventador,black,Electric
Jaguar A4,gold,Gasoline
Bugatti 2,lime,Diesel
Volkswagen V90,gold,Diesel
Jaguar Sentra,black,Hybrid
Tesla CTS,pink,Diesel
Ford Corvette,green,Diesel
Chevrolet ATS,red,Diesel
Jaguar Wrangler,cyan,Diesel
Ford Beetle,purple,Gasoline
Bugatti Cruze,magenta,Electric
Honda Model T,orange,Diesel
Tesla Altima,mint green,Gasoline
Land Rover 911,gold,Electric
Volkswagen Roadster,lavender,Electric
Bentley Challenger,violet,Diesel
Bentley Roadster,lavender,Diesel
Porsche Golf,green,Gasoline
Mini XTS,pink,Gasoline
Lamborghini Prius,magenta,Gasoline
Maserati Jetta,purple,Hybrid
Kia Sentra,sky blue,Gasoline
Volvo Camaro,orchid,Hybrid
Mazda Mercielago,tan,Gasoline
Chrysler Element,azure,Electric
Mercedes Benz XTS,blue,Hybrid
Chrysler Grand Cherokee,sky blue,Gasoline
Dodge Silverado,fuchsia,Electric
Bugatti Mustang,violet,Electric
Jeep Expedition,magenta,Hybrid
BMW XTS,turquoise,Hybrid
Kia LeBaron,mint green,Electric
Aston Martin LeBaron,orange,Diesel
Bugatti Explorer,mint green,Diesel
Dodge Silverado,purple,Electric
Cadillac Model 3,pink,Gasoline
Land Rover Spyder,teal,Diesel
Maserati A4,magenta,Hybrid
Polestar CX-9,azure,Gasoline
Mercedes Benz Sentra,red,Electric
Mercedes Benz Cruze,orchid,Gasoline
Bugatti Grand Caravan,purple,Diesel
Kia Civic,lime,Diesel
Rolls Royce Escalade,plum,Hybrid
Mini XC90,ivory,Diesel
Maserati Colorado,olive,Gasoline
Mazda Fortwo,maroon,Hybrid
Ferrari 911,yellow,Gasoline
Mini 2,orange,Diesel
Aston Martin Model S,salmon,Diesel
Ferrari Model T,teal,Hybrid
Kia Expedition,turquoise,Diesel
Rolls Royce V90,cyan,Electric
Maserati Roadster,violet,Electric
Porsche Expedition,sky blue,Hybrid
Volkswagen Camry,violet,Diesel
Tesla Alpine,orange,Electric
Bugatti A4,lime,Gasoline
Mercedes Benz Mercielago,yellow,Gasoline
Chrysler 2,purple,Gasoline
Porsche El Camino,fuchsia,Diesel
Jeep CX-9,purple,Gasoline
Jaguar Civic,sky blue,Diesel
Tesla Charger,violet,Hybrid
Aston Martin Corvette,indigo,Hybrid
Audi XC90,orchid,Hybrid
Lamborghini Malibu,plum,Gasoline
Polestar Grand Caravan,sky blue,Hybrid
Audi Roadster,salmon,Gasoline
Audi CX-9,violet,Gasoline
Bentley Challenger,silver,Gasoline
Nissan 911,orange,Electric
Mazda ATS,olive,Hybrid
Honda CX-9,purple,Electric
Ford XC90,purple,Diesel
Aston Martin Cruze,cyan,Hybrid
Ford Jetta,orchid,Hybrid
Volkswagen LeBaron,mint green,Electric
Mini ATS,mint green,Electric
Nissan Taurus,olive,Electric
Lamborghini Mustang,gold,Diesel
Jaguar Fiesta,maroon,Diesel
Smart Mercielago,sky blue,Diesel
Ferrari Silverado,teal,Hybrid
Rolls Royce Prius,sky blue,Electric
Mini Spyder,yellow,Hybrid
Chevrolet Beetle,ivory,Hybrid
Ford Fiesta,salmon,Hybrid
Polestar Corvette,grey,Gasoline
Tesla El Camino,grey,Diesel
Lamborghini Aventador,fuchsia,Diesel
Mazda Fiesta,gold,Gasoline
Ford Roadster,tan,Electric
Chevrolet A4,yellow,Hybrid
Mazda Mustang,gold,Diesel
Chevrolet Ranchero,cyan,Electric
Jaguar Camry,yellow,Gasoline
Maserati Camaro,gold,Gasoline
Hyundai Volt,yellow,Gasoline
Cadillac Focus,fuchsia,Electric
Hyundai LeBaron,azure,Electric
Honda Accord,maroon,Diesel
Jaguar 1,lime,Electric
Volkswagen Malibu,gold,Gasoline
Jeep Altima,grey,Diesel
Maserati V90,turquoise,Diesel
Volkswagen Countach,tan,Electric
Chevrolet PT Cruiser,purple,Diesel
Aston Martin XTS,blue,Diesel
Chrysler Fortwo,turquoise,Gasoline
Mercedes Benz Explorer,azure,Electric
Porsche 2,silver,Electric
Toyota Silverado,green,Electric
Land Rover Explorer,teal,Electric
Honda Challenger,pink,Diesel
Jaguar ATS,cyan,Hybrid
Mini Escalade,tan,Hybrid
Mini Jetta,magenta,Hybrid
Honda Model S,green,Diesel
Land Rover Accord,red,Diesel
Toyota Explorer,sky blue,Electric
Nissan Expedition,pink,Electric
Volvo 1,yellow,Gasoline
Ford XC90,azure,Hybrid
Jeep Element,orange,Gasoline
Jeep 2,orange,Diesel
Chevrolet Focus,olive,Gasoline
Aston Martin 911,gold,Diesel
Dodge PT Cruiser,green,Hybrid
Jeep LeBaron,salmon,Gasoline
Bentley Malibu,lavender,Hybrid
Aston Martin Aventador,lavender,Gasoline
Mazda Wrangler,maroon,Diesel
Jaguar LeBaron,azure,Electric
Lamborghini Altima,violet,Hybrid
Volvo Corvette,ivory,Gasoline
Land Rover Escalade,maroon,Gasoline
Bugatti PT Cruiser,blue,Diesel
Honda Grand Caravan,red,Electric
Jeep 1,olive,Diesel
Mazda Jetta,pink,Hybrid
Dodge Prius,olive,Electric
Cadillac Element,red,Diesel
Porsche XC90,mint green,Diesel
Chevrolet Volt,tan,Gasoline
Audi Roadster,pink,Hybrid
Lamborghini Colorado,magenta,Hybrid
Smart 1,yellow,Electric
Cadillac PT Cruiser,plum,Hybrid
Aston Martin Alpine,pink,Gasoline
Polestar LeBaron,green,Gasoline
Dodge Colorado,teal,Electric
Honda Model T,gold,Hybrid
Cadillac A8,black,Gasoline
Audi Prius,yellow,Hybrid
Polestar CTS,yellow,Electric
Rolls Royce LeBaron,purple,Gasoline
Mini 1,lime,Gasoline
Kia Civic,yellow,Hybrid
Fiat LeBaron,indigo,Electric
Chevrolet 2,fuchsia,Gasoline
Fiat Explorer,blue,Hybrid
BMW Roadster,tan,Diesel
Fiat Wrangler,turquoise,Diesel
Kia Focus,lime,Electric
Tesla Spyder,salmon,Gasoline
BMW Model S,turquoise,Diesel
Chevrolet Spyder,turquoise,Hybrid
Porsche A8,maroon,Gasoline
Rolls Royce Durango,ivory,Electric
Audi 2,ivory,Electric
Volvo LeBaron,violet,Gasoline
Hyundai Countach,plum,Hybrid
Mini Explorer,green,Hybrid
Hyundai Golf,green,Electric
Nissan Golf,violet,Diesel
Tesla Prius,turquoise,Diesel
Tesla Land Cruiser,pink,Diesel
Tesla Ranchero,grey,Gasoline
Mazda Challenger,pink,Diesel
Toyota Mustang,indigo,Diesel
Hyundai Accord,tan,Gasoline
Kia Prius,lime,Gasoline
Dodge A8,violet,Electric
Chrysler Fortwo,indigo,Hybrid
Dodge LeBaron,violet,Diesel
Polestar Altima,plum,Electric
Polestar El Camino,teal,Hybrid
Maserati Model T,maroon,Diesel
Smart Ranchero,olive,Hybrid
Jaguar 911,silver,Electric
Maserati Silverado,fuchsia,Diesel
Chevrolet 2,violet,Hybrid
Jeep 2,black,Gasoline
Smart Roadster,black,Electric
Chevrolet Challenger,green,Hybrid
Cadillac Accord,violet,Diesel
Audi Aventador,tan,Diesel
Nissan Grand Caravan,sky blue,Gasoline
Polestar Ranchero,indigo,Hybrid
Nissan Countach,black,Gasoline
Cadillac A4,tan,Electric
Jeep Ranchero,white,Hybrid
BMW Sentra,magenta,Hybrid
Smart A8,turquoise,Diesel
Volkswagen 911,indigo,Electric
BMW Camry,cyan,Hybrid
Mercedes Benz Grand Cherokee,grey,Electric
Cadillac CX-9,silver,Hybrid
Dodge Mercielago,indigo,Electric
BMW El Camino,yellow,Diesel
Maserati 2,azure,Electric
Jeep Countach,orange,Diesel
Chrysler Spyder,silver,Diesel
Fiat Beetle,magenta,Gasoline
Jaguar V90,magenta,Diesel
Jaguar Expedition,teal,Electric
BMW Grand Caravan,orange,Gasoline
Jeep Charger,azure,Gasoline
Lamborghini ATS,salmon,Gasoline
Aston Martin Volt,olive,Diesel
Smart Land Cruiser,sky blue,Diesel
Cadillac Durango,white,Diesel
Ford Durango,silver,Hybrid
Bugatti F-150,maroon,Diesel
Honda Prius,cyan,Diesel
Volvo Prius,turquoise,Diesel
Chrysler Civic,gold,Gasoline
Chevrolet Jetta,olive,Hybrid
Maserati Focus,maroon,Hybrid
